seqName,clade,Pango Lineage,qc.overallScore,qc.overallStatus,totalSubstitutions,totalDeletions,totalInsertions,totalAminoacidSubstitutions,totalAminoacidDeletions,totalMissing,totalNonACGTNs,totalPcrPrimerChanges,substitutions,deletions,insertions,aaSubstitutions,aaDeletions,missing,nonACGTNs,pcrPrimerChanges,alignmentScore,alignmentStart,alignmentEnd,qc.missingData.missingDataThreshold,qc.missingData.score,qc.missingData.status,qc.missingData.totalMissing,qc.mixedSites.mixedSitesThreshold,qc.mixedSites.score,qc.mixedSites.status,qc.mixedSites.totalMixedSites,qc.privateMutations.cutoff,qc.privateMutations.excess,qc.privateMutations.score,qc.privateMutations.status,qc.privateMutations.total,qc.snpClusters.clusteredSNPs,qc.snpClusters.score,qc.snpClusters.status,qc.snpClusters.totalSNPs,qc.frameShifts.frameShifts,qc.frameShifts.totalFrameShifts,qc.frameShifts.score,qc.frameShifts.status,qc.stopCodons.stopCodons,qc.stopCodons.totalStopCodons,qc.stopCodons.score,qc.stopCodons.status,errors
252745,20C,B.1.369,0,good,13,0,0,7,0,0,0,1,"C162T,C241T,C1059T,C3037T,C14408T,C16260T,C18877T,G20060T,C20132T,A23403G,G25563T,G26690T,C28821A",,,"N:S183Y,ORF1a:T265I,ORF1b:P314L,ORF1b:S2198I,ORF1b:A2222V,ORF3a:Q57H,S:D614G",,,,Charit√©_N_R:C28821A,89495,17,29866,3000,0,good,0,10,0,good,0,24,-3,0,good,5,,0,good,0,,0,0,good,,0,0,good,
252746,20C,B.1.369,0,good,13,0,0,7,0,0,0,1,"C162T,C241T,C1059T,C3037T,C14408T,C16260T,C18877T,G20060T,C20132T,A23403G,G25563T,G26690T,C28821A",,,"N:S183Y,ORF1a:T265I,ORF1b:P314L,ORF1b:S2198I,ORF1b:A2222V,ORF3a:Q57H,S:D614G",,,,Charit√©_N_R:C28821A,89645,4,29903,3000,0,good,0,10,0,good,0,24,-3,0,good,5,,0,good,0,,0,0,good,,0,0,good,
252747,20C,B.1.369,0,good,13,0,0,7,0,2,0,1,"C162T,C241T,C1059T,C3037T,C14408T,C16260T,C18877T,G20060T,C20132T,A23403G,G25563T,G26690T,C28821A",,,"N:S183Y,ORF1a:T265I,ORF1b:P314L,ORF1b:S2198I,ORF1b:A2222V,ORF3a:Q57H,S:D614G",,29867-29868,,Charit√©_N_R:C28821A,89567,30,29903,3000,0,good,2,10,0,good,0,24,-3,0,good,5,,0,good,0,,0,0,good,,0,0,good,
255309,20C,B.1.1.7,56.25,mediocre,11,0,0,7,0,2,0,0,"C241T,C1059T,C3037T,C11916T,C14408T,C14676T,C17010T,A23403G,T24506G,G25563T,G28068T",,,"ORF1a:T265I,ORF1a:S3884L,ORF1b:P314L,ORF3a:Q57H,ORF8:E59*,S:D614G,S:S982A",,29867-29868,,,89575,30,29903,3000,0,good,2,10,0,good,0,24,-3,0,good,5,,0,good,0,,0,0,good,ORF8:58,1,75,mediocre,
255317,"20I (Alpha, V1)",B.1.1.7,107.89095,bad,22,14,0,10,1,2237,0,1,"C241T,C913T,C2110T,G2731T,C3037T,C3267T,C5388A,C14120T,C14408T,C14676T,C15279T,T16176C,C19951A,A23063T,C23271A,A23403G,T24506G,G24914C,A28111G,G28280C,A28281T,T28282A","5498,11288-11296,21992-21994,28271",,"N:D3L,ORF1b:P218L,ORF1b:P314L,ORF1b:P2162T,ORF8:Y73C,S:N501Y,S:A570D,S:D614G,S:S982A,S:D1118H",S:Y144-,"2267-2505,3532-3771,5958-6168,6868,6871-7058,7287-7305,8342-8603,19988-20172,20185,20547-20786,21745-21961,27855-28081,28777,28780-28985",,Pasteur_IP4_P:C14120T,89462,30,29903,3000,71.740741,mediocre,2237,10,0,good,0,24,1,4.166667,good,9,,0,good,0,ORF1a,1,75,mediocre,,0,0,good,
255386,20A,B.1.400,0,good,12,0,0,7,0,2,0,0,"C241T,A2658C,C3037T,G6483T,C14408T,G17427T,G18677T,G19969A,A20268G,C22450G,A23403G,C28854T",,,"N:S194L,ORF1a:K798T,ORF1a:G2073V,ORF1b:P314L,ORF1b:R1737L,ORF1b:A2168T,S:D614G",,29867-29868,,,89574,29,29903,3000,0,good,2,10,0,good,0,24,-2,0,good,6,,0,good,0,,0,0,good,,0,0,good,
255947,20C,B.1.517,0,good,17,0,0,10,0,0,0,1,"C241T,C823T,C1059T,C3037T,A3069G,G3231T,A9397G,A12850G,C14408T,C21364T,C21622T,A23064C,A23403G,G25563T,G26654T,C28890T,G29140A",,,"M:R44S,N:S206F,ORF1a:T265I,ORF1a:D935G,ORF1a:G989V,ORF1b:P314L,ORF1b:P2633S,ORF3a:Q57H,S:N501T,S:D614G",,,,ChinaCDC_N_F:C28890T,89635,2,29903,3000,0,good,0,10,0,good,0,24,-3,0,good,5,,0,good,0,,0,0,good,,0,0,good,
255972,20C,B.1.298,0,good,15,0,0,12,0,0,0,0,"C241T,C1059T,G2585T,C3037T,G5012T,C9893T,C10188T,C14408T,A18146C,C19488T,A20309G,A23403G,G25563T,G25650T,T28843G",,,"N:S190R,ORF1a:T265I,ORF1a:V774F,ORF1a:V1583F,ORF1a:L3210F,ORF1a:T3308I,ORF1b:P314L,ORF1b:E1560A,ORF1b:Y2281C,ORF3a:Q57H,ORF3a:L86F,S:D614G",,,,,89637,4,29903,3000,0,good,0,10,0,good,0,24,-2,0,good,6,,0,good,0,,0,0,good,,0,0,good,
255974,20C,B.1.298,0,good,15,0,0,12,0,2,0,0,"C241T,C1059T,G2585T,C3037T,G5012T,C9893T,C10188T,C14408T,A18146C,C19488T,A20309G,A23403G,G25563T,G25650T,T28843G",,,"N:S190R,ORF1a:T265I,ORF1a:V774F,ORF1a:V1583F,ORF1a:L3210F,ORF1a:T3308I,ORF1b:P314L,ORF1b:E1560A,ORF1b:Y2281C,ORF3a:Q57H,ORF3a:L86F,S:D614G",,29867-29868,,,89637,4,29903,3000,0,good,2,10,0,good,0,24,-2,0,good,6,,0,good,0,,0,0,good,,0,0,good,
255977,20C,B.1.298,0,good,15,0,0,12,0,0,0,0,"C241T,C1059T,G2585T,C3037T,G5012T,C9893T,C10188T,C14408T,A18146C,C19488T,A20309G,A23403G,G25563T,G25650T,T28843G",,,"N:S190R,ORF1a:T265I,ORF1a:V774F,ORF1a:V1583F,ORF1a:L3210F,ORF1a:T3308I,ORF1b:P314L,ORF1b:E1560A,ORF1b:Y2281C,ORF3a:Q57H,ORF3a:L86F,S:D614G",,,,,89634,5,29903,3000,0,good,0,10,0,good,0,24,-2,0,good,6,,0,good,0,,0,0,good,,0,0,good,
258986,20G,B.1.2,0,good,20,0,0,12,0,0,0,0,"T13C,C241T,C1059T,C3037T,C5284T,C7604T,C9979T,C10319T,C14408T,C17678T,A18424G,C21304T,A23403G,G24586T,G25009A,G25563T,G25907T,C27964T,C28472T,C28869T",,,"N:P67S,N:P199L,ORF1a:T265I,ORF1a:L3352F,ORF1b:P314L,ORF1b:T1404M,ORF1b:N1653D,ORF1b:R2613C,ORF3a:Q57H,ORF3a:G172V,ORF8:S24L,S:D614G",,,,,89623,2,29903,3000,0,good,0,10,0,good,0,24,-1,0,good,7,,0,good,0,,0,0,good,,0,0,good,
258987,20G,B.1.2,0,good,20,0,0,13,0,2,0,0,"C241T,C1059T,C3037T,C5284T,C7604T,C9979T,C10319T,C14408T,C17678T,A18424G,C21304T,A23403G,G24586T,G25009A,C25169T,G25563T,G25907T,C27964T,C28472T,C28869T",,,"N:P67S,N:P199L,ORF1a:T265I,ORF1a:L3352F,ORF1b:P314L,ORF1b:T1404M,ORF1b:N1653D,ORF1b:R2613C,ORF3a:Q57H,ORF3a:G172V,ORF8:S24L,S:D614G,S:L1203F",,29867-29868,,,89542,29,29903,3000,0,good,2,10,0,good,0,24,-1,0,good,7,,0,good,0,,0,0,good,,0,0,good,
258988,20G,B.1.2,0,good,20,0,0,12,0,5,0,0,"T13C,C241T,C1059T,C3037T,C5284T,C7604T,C9979T,C10319T,C14408T,C17678T,A18424G,C21304T,A23403G,G24586T,G25009A,G25563T,G25907T,C27964T,C28472T,C28869T",,,"N:P67S,N:P199L,ORF1a:T265I,ORF1a:L3352F,ORF1b:P314L,ORF1b:T1404M,ORF1b:N1653D,ORF1b:R2613C,ORF3a:Q57H,ORF3a:G172V,ORF8:S24L,S:D614G",,29864-29868,,,89623,2,29903,3000,0,good,5,10,0,good,0,24,-1,0,good,7,,0,good,0,,0,0,good,,0,0,good,
258990,20G,B.1.2,0,good,19,0,0,12,0,3,0,0,"C241T,C1059T,C3037T,C5284T,C7604T,C9979T,C10319T,C14408T,C17678T,A18424G,C21304T,A23403G,G24586T,G25009A,G25563T,G25907T,C27964T,C28472T,C28869T",,,"N:P67S,N:P199L,ORF1a:T265I,ORF1a:L3352F,ORF1b:P314L,ORF1b:T1404M,ORF1b:N1653D,ORF1b:R2613C,ORF3a:Q57H,ORF3a:G172V,ORF8:S24L,S:D614G",,"29867-29868,29870",,,89594,13,29903,3000,0,good,3,10,0,good,0,24,-2,0,good,6,,0,good,0,,0,0,good,,0,0,good,
258993,20B,B.1.1.329,0,good,16,0,0,10,0,0,0,3,"C241T,A2132C,C3037T,C6861T,A10323G,G10360A,C11956T,G12817A,C14408T,C22323T,A23403G,G24914T,C28045T,G28881A,G28882A,G28883C",,,"N:R203K,N:G204R,ORF1a:K623Q,ORF1a:A2199V,ORF1a:K3353R,ORF1b:P314L,ORF8:A51V,S:S254F,S:D614G,S:D1118Y",,,,ChinaCDC_N_F:G28881A;G28882A;G28883C,89639,2,29903,3000,0,good,0,10,0,good,0,24,-3,0,good,5,,0,good,0,,0,0,good,,0,0,good,
260016,20B,B.1.1.362,1.5625,good,19,0,0,12,0,1,0,3,"C241T,A2375C,C3037T,C14408T,G15982T,C16887T,C18457T,A19062T,G20102T,T23268C,A23403G,G23873T,T23878C,G25819T,G28881A,G28882A,G28883C,G28903T,C29311T",,,"N:R203K,N:G204R,N:M210I,ORF1a:N704H,ORF1b:P314L,ORF1b:V839L,ORF1b:P1664S,ORF1b:S2212I,ORF3a:A143S,S:I569T,S:D614G,S:A771S",,29868,,ChinaCDC_N_F:G28881A;G28882A;G28883C,89543,30,29903,3000,0,good,1,10,0,good,0,24,3,12.5,good,11,,0,good,0,,0,0,good,,0,0,good,
260018,20A,B.1.243,0,good,17,0,0,9,0,2,0,0,"C241T,T1578C,C3037T,G6618A,A7833C,C10741T,C14408T,G15727A,A20268G,A23403G,C23604A,C23625T,T24076C,C27923T,C28854T,G29266A,T29710C",,,"N:S194L,ORF1a:V438A,ORF1a:G2118D,ORF1a:N2523T,ORF1b:P314L,ORF1b:V754I,S:D614G,S:P681H,S:A688V",,29867-29868,,,89632,3,29903,3000,0,good,2,10,0,good,0,24,-5,0,good,3,,0,good,0,,0,0,good,,0,0,good,
260021,20G,B.1.2,59.027778,mediocre,25,0,0,18,0,0,0,2,"C241T,C512T,C1059T,C1758T,C3037T,C4901T,C7267T,C10319T,C13620T,G14122A,C14408T,A18424G,G19891T,G20730T,C21304T,A21390G,A23403G,G25563T,G25907T,C27964T,G28041T,C28472T,G28727T,C28869T,C29754T",,,"N:P67S,N:A152S,N:P199L,ORF1a:H83Y,ORF1a:T265I,ORF1a:A498V,ORF1a:L3352F,ORF1b:G219S,ORF1b:P314L,ORF1b:N1653D,ORF1b:D2142Y,ORF1b:K2421N,ORF1b:R2613C,ORF3a:Q57H,ORF3a:G172V,ORF8:S24L,ORF8:G50*,S:D614G",,,,"USCDC_N3_P:G28727T,Pasteur_IP4_P:G14122A",89594,5,29903,3000,0,good,0,10,0,good,0,24,4,16.666667,good,12,,0,good,0,,0,0,good,ORF8:49,1,75,mediocre,
260126,20G,B.1.2,0,good,23,0,0,18,0,0,0,2,"C241T,C1059T,C1387T,C3037T,A3690C,G6753A,G8083A,C10319T,C12488T,C13671A,C14408T,C14805T,C17745A,A18424G,C21304T,A23403G,G25563T,G25907T,C27964T,C28472T,C28869T,A28951G,C29253T",,,"N:P67S,N:P199L,N:S327L,ORF1a:T265I,ORF1a:E1142A,ORF1a:R2163H,ORF1a:M2606I,ORF1a:L3352F,ORF1a:P4075S,ORF1b:F68L,ORF1b:P314L,ORF1b:N1426K,ORF1b:N1653D,ORF1b:R2613C,ORF3a:Q57H,ORF3a:G172V,ORF8:S24L,S:D614G",,,,"HKU_N_R:C29253T,ChinaCDC_N_P:A28951G",89605,4,29903,3000,0,good,0,10,0,good,0,24,0,0,good,8,,0,good,0,,0,0,good,,0,0,good,
260132,20C,B.1.361,2.777778,good,22,0,0,12,0,2,0,0,"C241T,A705G,C1059T,G1463A,C3037T,T8740G,A10323G,C11020T,G11417T,C13677T,C14408T,T16317C,C18167T,A21080G,A23403G,A24782G,G25563T,G26951T,G28842T,C29095T,G29449T,G29779T",,,"N:S190I,ORF1a:D147G,ORF1a:T265I,ORF1a:G400S,ORF1a:K3353R,ORF1a:V3718F,ORF1b:P314L,ORF1b:P1567L,ORF1b:K2538R,ORF3a:Q57H,S:D614G,S:N1074D",,29867-29868,,,89534,29,29903,3000,0,good,2,10,0,good,0,24,4,16.666667,good,12,,0,good,0,,0,0,good,,0,0,good,
260137,20C,B.1.361,2.777778,good,22,0,0,12,0,2,0,0,"C241T,A705G,C1059T,G1463A,C3037T,T8740G,A10323G,C11020T,G11417T,C13677T,C14408T,T16317C,C18167T,A21080G,A23403G,A24782G,G25563T,G26951T,G28842T,C29095T,G29449T,G29779T",,,"N:S190I,ORF1a:D147G,ORF1a:T265I,ORF1a:G400S,ORF1a:K3353R,ORF1a:V3718F,ORF1b:P314L,ORF1b:P1567L,ORF1b:K2538R,ORF3a:Q57H,S:D614G,S:N1074D",,29867-29868,,,89573,16,29903,3000,0,good,2,10,0,good,0,24,4,16.666667,good,12,,0,good,0,,0,0,good,,0,0,good,
260144,20G,B.1.2,0,good,22,0,0,14,0,1,0,0,"C241T,C745T,C1059T,C3037T,C5512T,C6525T,G6865T,G8083A,C10319T,C14408T,C14805T,A18424G,C21304T,C22624T,A23403G,G25563T,G25907T,C26822T,C27964T,C28472T,C28869T,A29735G",,,"N:P67S,N:P199L,ORF1a:T265I,ORF1a:T2087I,ORF1a:K2200N,ORF1a:M2606I,ORF1a:L3352F,ORF1b:P314L,ORF1b:N1653D,ORF1b:R2613C,ORF3a:Q57H,ORF3a:G172V,ORF8:S24L,S:D614G",,29868,,,89531,30,29903,3000,0,good,1,10,0,good,0,24,-1,0,good,7,,0,good,0,,0,0,good,,0,0,good,
260147,20B,R.1,0,good,23,1,0,13,0,211,0,4,"C241T,C3037T,T10966C,C14340T,C14408T,G15907T,G17551A,C18877T,A19167G,C19274A,T19839C,G21255C,G22017T,G23012A,A23403G,G23868T,T26604C,C27213T,C28833T,G28881A,G28882A,G28883C,G29527T",28271,,"M:F28L,N:S187L,N:R203K,N:G204R,N:Q418H,ORF1b:P314L,ORF1b:G814C,ORF1b:G1362R,ORF1b:P1936H,S:W152L,S:E484K,S:D614G,S:G769V",,"21750-21958,29867-29868",,"Charit√©_N_R:C28833T,ChinaCDC_N_F:G28881A;G28882A;G28883C",89593,5,29903,3000,0,good,211,10,0,good,0,24,-5,0,good,3,,0,good,0,,0,0,good,,0,0,good,
260155_NEB,"20I (Alpha, V1)",B.1.1.7,60.590278,mediocre,41,19,0,24,6,0,0,4,"C241T,C913T,C3037T,C3267T,C5388A,C5986T,C6040T,C6706T,T6954C,C8109T,C8950T,C14408T,C14676T,C15279T,T16176C,C16716G,T19299C,C19524T,C21234T,C21575T,C22224T,A23063T,C23271A,A23403G,C23604A,C23709T,T24506G,G24914C,C25844T,C27577T,C27972T,G28048T,A28111G,G28280C,A28281T,T28282A,G28881A,G28882A,G28883C,C28977T,T29524C","11288-11296,21765-21770,21992-21994,28271",,"N:D3L,N:R203K,N:G204R,N:S235F,ORF1a:T1001I,ORF1a:A1708D,ORF1a:I2230T,ORF1a:T2615I,ORF1b:P314L,ORF1b:D1083E,ORF3a:T151I,ORF7a:Q62*,ORF8:Q27*,ORF8:R52I,ORF8:Y73C,S:L5F,S:S221L,S:N501Y,S:A570D,S:D614G,S:P681H,S:T716I,S:S982A,S:D1118H","ORF1a:S3675-,ORF1a:G3676-,ORF1a:F3677-,S:H69-,S:V70-,S:Y144-",,,"ChinaCDC_N_F:G28881A;G28882A;G28883C,ChinaCDC_N_R:C28977T",89370,30,29903,3000,0,good,0,10,0,good,0,24,5,20.833333,good,13,,0,good,0,,0,0,good,ORF7a:61,1,75,mediocre,
260173,19B,A.2.5,0,good,31,9,9,19,3,229,0,1,"C275T,C1567T,C3165T,C4543T,A5234G,A5488G,C8782T,T9477A,C10029T,C11005A,C12815T,T14399C,C14805T,C16466T,T16857C,G17893T,T18417C,A22525G,T22917G,A23403G,G24697A,C25613T,G25979T,C26681T,T28144C,A28272T,C28657T,C28863T,G28975T,C29366T,C29421T",21983-21991,22206:CGGCAGGCT,"N:S197L,N:M234I,N:P365S,N:P383L,ORF1a:L4F,ORF1a:A967V,ORF1a:K1657E,ORF1a:F3071Y,ORF1a:T3255I,ORF1a:H3580Q,ORF1b:V311A,ORF1b:P1000L,ORF1b:A1476S,ORF3a:S74F,ORF3a:G196V,ORF8:L84S,S:D215Y,S:L452R,S:D614G","S:L141-,S:G142-,S:V143-",25674-25902,,ChinaCDC_N_R:G28975T,89531,4,29903,3000,0,good,229,10,0,good,0,24,-4,0,good,4,,0,good,0,,0,0,good,,0,0,good,
260182,"20I (Alpha, V1)",B.1.1.7,60.590278,mediocre,41,19,0,24,6,0,0,4,"C241T,C913T,C3037T,C3267T,C5388A,C5986T,C6040T,C6706T,T6954C,C8109T,C8950T,C14408T,C14676T,C15279T,T16176C,C16716G,T19299C,C19524T,C21234T,C21575T,C22224T,A23063T,C23271A,A23403G,C23604A,C23709T,T24506G,G24914C,C25844T,C27577T,C27972T,G28048T,A28111G,G28280C,A28281T,T28282A,G28881A,G28882A,G28883C,C28977T,T29524C","11288-11296,21765-21770,21992-21994,28271",,"N:D3L,N:R203K,N:G204R,N:S235F,ORF1a:T1001I,ORF1a:A1708D,ORF1a:I2230T,ORF1a:T2615I,ORF1b:P314L,ORF1b:D1083E,ORF3a:T151I,ORF7a:Q62*,ORF8:Q27*,ORF8:R52I,ORF8:Y73C,S:L5F,S:S221L,S:N501Y,S:A570D,S:D614G,S:P681H,S:T716I,S:S982A,S:D1118H","ORF1a:S3675-,ORF1a:G3676-,ORF1a:F3677-,S:H69-,S:V70-,S:Y144-",,,"ChinaCDC_N_F:G28881A;G28882A;G28883C,ChinaCDC_N_R:C28977T",89460,0,29903,3000,0,good,0,10,0,good,0,24,5,20.833333,good,13,,0,good,0,,0,0,good,ORF7a:61,1,75,mediocre,
260199,20B,R.1,0,good,23,1,0,13,0,0,0,4,"C241T,C3037T,T10966C,C14340T,C14408T,G15907T,G17551A,C18877T,A19167G,C19274A,T19839C,G21255C,G22017T,G23012A,A23403G,G23868T,T26604C,C27213T,C28833T,G28881A,G28882A,G28883C,G29527T",28271,,"M:F28L,N:S187L,N:R203K,N:G204R,N:Q418H,ORF1b:P314L,ORF1b:G814C,ORF1b:G1362R,ORF1b:P1936H,S:W152L,S:E484K,S:D614G,S:G769V",,,,"Charit√©_N_R:C28833T,ChinaCDC_N_F:G28881A;G28882A;G28883C",89602,2,29903,3000,0,good,0,10,0,good,0,24,-5,0,good,3,,0,good,0,,0,0,good,,0,0,good,
260309,20G,B.1.2,0,good,19,0,0,13,0,0,0,0,"C241T,C1059T,C2902T,C3037T,C4586T,G8083A,C10319T,C11956T,C14408T,C14805T,A18424G,C21304T,A23403G,G25563T,G25907T,C27964T,C28472T,C28869T,G29402T",,,"N:P67S,N:P199L,N:D377Y,ORF1a:T265I,ORF1a:M2606I,ORF1a:L3352F,ORF1b:P314L,ORF1b:N1653D,ORF1b:R2613C,ORF3a:Q57H,ORF3a:G172V,ORF8:S24L,S:D614G",,,,,89633,0,29903,3000,0,good,0,10,0,good,0,24,-5,0,good,3,,0,good,0,,0,0,good,,0,0,good,
260335,20G,B.1.2,0,good,23,0,0,15,0,0,0,0,"C241T,C745T,C1059T,C3037T,C5512T,C6525T,G6865T,G8083A,C10319T,C14408T,C14805T,A18424G,C21304T,C22624T,C23277T,A23403G,G25563T,G25907T,C26822T,C27964T,C28472T,C28869T,A29735G",,,"N:P67S,N:P199L,ORF1a:T265I,ORF1a:T2087I,ORF1a:K2200N,ORF1a:M2606I,ORF1a:L3352F,ORF1b:P314L,ORF1b:N1653D,ORF1b:R2613C,ORF3a:Q57H,ORF3a:G172V,ORF8:S24L,S:T572I,S:D614G",,,,,89584,11,29903,3000,0,good,0,10,0,good,0,24,0,0,good,8,,0,good,0,,0,0,good,,0,0,good,
260336,20B,R.1,0,good,24,1,0,13,0,0,0,4,"C241T,C3037T,T10966C,C14340T,C14408T,G15907T,G17551A,C18877T,A19167G,C19274A,T19839C,G21255C,G22017T,G23012A,A23403G,G23868T,T26604C,C27213T,C28833T,G28881A,G28882A,G28883C,A29350T,G29527T",28271,,"M:F28L,N:S187L,N:R203K,N:G204R,N:Q418H,ORF1b:P314L,ORF1b:G814C,ORF1b:G1362R,ORF1b:P1936H,S:W152L,S:E484K,S:D614G,S:G769V",,,,"Charit√©_N_R:C28833T,ChinaCDC_N_F:G28881A;G28882A;G28883C",89595,3,29903,3000,0,good,0,10,0,good,0,24,-4,0,good,4,,0,good,0,,0,0,good,,0,0,good,
260392,20B,R.1,0,good,25,1,0,13,0,0,0,5,"C241T,C2449T,C3037T,T9139C,C14340T,C14408T,G17551A,C18877T,A19167G,C19274A,T19839C,G22017T,G23012A,A23403G,G23868T,A25531G,T26604C,C27213T,C28833T,G28881A,G28882A,G28883C,C29167T,G29527T,G29690T",28271,,"M:F28L,N:S187L,N:R203K,N:G204R,N:Q418H,ORF1b:P314L,ORF1b:G1362R,ORF1b:P1936H,ORF3a:I47V,S:W152L,S:E484K,S:D614G,S:G769V",,,,"Charit√©_N_R:C28833T,ChinaCDC_N_F:G28881A;G28882A;G28883C,USCDC_N2_F:C29167T",89591,3,29903,3000,0,good,0,10,0,good,0,24,-4,0,good,4,,0,good,0,,0,0,good,,0,0,good,
260400,21F (Iota),B.1.526,1.5625,good,27,11,0,19,3,2,0,2,"C241T,C1059T,C3037T,G6101A,A7201G,C8809T,T9867C,T13742G,C14408T,A16500C,C17336T,A20262G,C21575T,C21846T,A22320G,G22992A,A23403G,A24432G,C25517T,G25563T,A25968G,C27630T,C27739T,C27925T,G28328A,C28887T,C29719T","11288-11296,28271,29711",,"N:G19R,N:T205I,ORF1a:T265I,ORF1a:G1946S,ORF1a:L3201P,ORF1b:F92C,ORF1b:P314L,ORF1b:Q1011H,ORF1b:T1290I,ORF3a:P42L,ORF3a:Q57H,ORF7a:L116F,ORF8:T11I,S:L5F,S:T95I,S:D253G,S:S477N,S:D614G,S:Q957R","ORF1a:S3675-,ORF1a:G3676-,ORF1a:F3677-",29867-29868,,"ChinaCDC_N_F:C28887T,USCDC_N1_P:G28328A",89489,20,29903,3000,0,good,2,10,0,good,0,24,3,12.5,good,11,,0,good,0,,0,0,good,,0,0,good,
260451,20G,B.1.2,0,good,19,0,0,13,0,1,0,0,"C241T,C1059T,C2902T,C3037T,C4586T,G8083A,C10319T,C11956T,C14408T,C14805T,A18424G,C21304T,A23403G,G25563T,G25907T,C27964T,C28472T,C28869T,G29402T",,,"N:P67S,N:P199L,N:D377Y,ORF1a:T265I,ORF1a:M2606I,ORF1a:L3352F,ORF1b:P314L,ORF1b:N1653D,ORF1b:R2613C,ORF3a:Q57H,ORF3a:G172V,ORF8:S24L,S:D614G",,29867,,,89624,3,29903,3000,0,good,1,10,0,good,0,24,-5,0,good,3,,0,good,0,,0,0,good,,0,0,good,
260522,"20I (Alpha, V1)",B.1.1.7,0.173611,good,34,19,0,24,6,2,0,4,"C241T,C913T,C2523T,C3037T,C3267T,C5388A,C5986T,T6954C,C8639T,C14408T,C14676T,C15279T,T16176C,A17615G,G18088T,A23063T,C23271A,A23403G,C23604A,C23709T,T24506G,G24914C,G25437T,G25593T,C27972T,G28048T,A28111G,G28280C,A28281T,T28282A,G28881A,G28882A,G28883C,C28977T","11288-11296,21765-21770,21992-21994,28271",,"N:D3L,N:R203K,N:G204R,N:S235F,ORF1a:T753I,ORF1a:T1001I,ORF1a:A1708D,ORF1a:I2230T,ORF1a:P2792S,ORF1b:P314L,ORF1b:K1383R,ORF1b:G1541W,ORF3a:L15F,ORF3a:K67N,ORF8:Q27*,ORF8:R52I,ORF8:Y73C,S:N501Y,S:A570D,S:D614G,S:P681H,S:T716I,S:S982A,S:D1118H","ORF1a:S3675-,ORF1a:G3676-,ORF1a:F3677-,S:H69-,S:V70-,S:Y144-",29867-29868,,"ChinaCDC_N_F:G28881A;G28882A;G28883C,ChinaCDC_N_R:C28977T",89482,2,29903,3000,0,good,2,10,0,good,0,24,1,4.166667,good,9,,0,good,0,,0,0,good,,0,0,good,
260532,20C,B.1.526,0.694444,good,31,13,0,22,4,2,0,2,"C241T,C1059T,C3037T,G4444T,C5581T,C8293T,A9749G,T9867C,C9891T,G11804A,A12030G,C14408T,C15024T,C15279T,C20762T,A21801G,T22032C,T22917G,A23403G,C24138A,G24410C,C25413T,C25517T,G25563T,C25587A,C25703T,C27925T,G28044T,C28435T,C28887T,G28975A","11288-11296,21992-21994,28271",,"N:T205I,N:M234I,ORF1a:T265I,ORF1a:K3162E,ORF1a:L3201P,ORF1a:A3209V,ORF1a:V3847I,ORF1a:Q3922R,ORF1b:P314L,ORF1b:T2432I,ORF3a:P42L,ORF3a:Q57H,ORF3a:P104L,ORF8:T11I,ORF8:A51S,ORF9b:P51L,S:D80G,S:F157S,S:L452R,S:D614G,S:T859N,S:D950H","ORF1a:S3675-,ORF1a:G3676-,ORF1a:F3677-,S:Y144-",29867-29868,,"ChinaCDC_N_F:C28887T,ChinaCDC_N_R:G28975A",89520,2,29903,3000,0,good,2,10,0,good,0,24,2,8.333333,good,10,,0,good,0,,0,0,good,,0,0,good,
260556,"20I (Alpha, V1)",B.1.1.7,1.5625,good,38,19,0,25,6,0,0,4,"C241T,C913T,G1957A,A2276G,C3037T,A3094T,C3267T,G4136T,C5388A,C5986T,T6954C,T7061C,C14408T,C14676T,C15279T,T16176C,T17343C,G19542T,C19862T,G22841A,A23063T,C23271A,A23403G,C23604A,C23709T,T24506G,G24914C,G25954T,C27972T,G28048T,A28111G,G28280C,A28281T,T28282A,G28881A,G28882A,G28883C,C28977T","11288-11296,21765-21770,21992-21994,28271",,"N:D3L,N:R203K,N:G204R,N:S235F,ORF1a:I671V,ORF1a:T1001I,ORF1a:V1291F,ORF1a:A1708D,ORF1a:I2230T,ORF1a:Y2266H,ORF1b:P314L,ORF1b:M2025I,ORF1b:A2132V,ORF3a:G188C,ORF8:Q27*,ORF8:R52I,ORF8:Y73C,S:D427N,S:N501Y,S:A570D,S:D614G,S:P681H,S:T716I,S:S982A,S:D1118H","ORF1a:S3675-,ORF1a:G3676-,ORF1a:F3677-,S:H69-,S:V70-,S:Y144-",,,"ChinaCDC_N_F:G28881A;G28882A;G28883C,ChinaCDC_N_R:C28977T",89460,4,29903,3000,0,good,0,10,0,good,0,24,3,12.5,good,11,,0,good,0,,0,0,good,,0,0,good,
260558,"20I (Alpha, V1)",B.1.1.7,0,good,35,19,0,22,6,0,0,4,"C241T,C878T,C913T,T2047C,C3037T,C3267T,C5388A,C5986T,T6954C,A12162G,C14408T,C14676T,C15279T,C15720T,T16176C,A17615G,A21137G,A23063T,C23271A,A23403G,C23604A,C23709T,T24506G,G24914C,G25135T,C27972T,G28048T,A28111G,G28280C,A28281T,T28282A,G28881A,G28882A,G28883C,C28977T","11288-11296,21765-21770,21992-21994,28271",,"N:D3L,N:R203K,N:G204R,N:S235F,ORF1a:T1001I,ORF1a:A1708D,ORF1a:I2230T,ORF1a:Q3966R,ORF1b:P314L,ORF1b:K1383R,ORF1b:K2557R,ORF8:Q27*,ORF8:R52I,ORF8:Y73C,S:N501Y,S:A570D,S:D614G,S:P681H,S:T716I,S:S982A,S:D1118H,S:K1191N","ORF1a:S3675-,ORF1a:G3676-,ORF1a:F3677-,S:H69-,S:V70-,S:Y144-",,,"ChinaCDC_N_F:G28881A;G28882A;G28883C,ChinaCDC_N_R:C28977T",89478,2,29903,3000,0,good,0,10,0,good,0,24,-2,0,good,6,,0,good,0,,0,0,good,,0,0,good,
260583,20B,R.1,0,good,24,1,0,13,0,4,0,4,"C241T,C3037T,T10966C,C14340T,C14408T,G15907T,G17551A,T17604C,C18877T,A19167G,C19274A,T19839C,G21255C,G22017T,G23012A,A23403G,G23868T,T26604C,C27213T,C28833T,G28881A,G28882A,G28883C,G29527T",28271,,"M:F28L,N:S187L,N:R203K,N:G204R,N:Q418H,ORF1b:P314L,ORF1b:G814C,ORF1b:G1362R,ORF1b:P1936H,S:W152L,S:E484K,S:D614G,S:G769V",,21957-21960,,"Charit√©_N_R:C28833T,ChinaCDC_N_F:G28881A;G28882A;G28883C",89604,0,29903,3000,0,good,4,10,0,good,0,24,-4,0,good,4,,0,good,0,,0,0,good,,0,0,good,
260719,21F (Iota),B.1.526,0,good,27,10,0,20,3,2,0,1,"C241T,C1059T,G2001A,C3037T,G3539A,T9867C,C14408T,C14724T,A16500C,C16726T,C18582T,A20262G,C21219T,C21575T,C21846T,A22320G,G23012A,A23403G,C23664T,G23868T,T25248C,C25517T,G25563T,C27925T,C28869T,G28975A,C29586T","11288-11296,28271",,"N:P199L,N:M234I,ORF1a:T265I,ORF1a:R579K,ORF1a:A1092T,ORF1a:L3201P,ORF1b:P314L,ORF1b:Q1011H,ORF1b:H1087Y,ORF3a:P42L,ORF3a:Q57H,ORF8:T11I,S:L5F,S:T95I,S:D253G,S:E484K,S:D614G,S:A701V,S:G769V,S:M1229T","ORF1a:S3675-,ORF1a:G3676-,ORF1a:F3677-",29867-29868,,ChinaCDC_N_R:G28975A,89468,30,29903,3000,0,good,2,10,0,good,0,24,0,0,good,8,,0,good,0,,0,0,good,,0,0,good,
260738,"20J (Gamma, V3)",P.1,0,good,37,9,4,24,3,0,0,3,"C241T,T733C,C2749T,C3037T,C3828T,A5648C,A6319G,G6476T,A6613G,C6627T,C12778T,C13860T,C14408T,G17259T,C21614T,C21621A,C21638T,G21974T,G22132T,A22812C,G23012A,A23063T,A23403G,C23525T,C24642T,G25088T,T26149C,G28167A,C28512G,A28877T,G28878C,G28881A,G28882A,G28883C,C28957T,T29834A,T29858A",11288-11296,28263:AACA,"N:P80R,N:R203K,N:G204R,ORF1a:S1188L,ORF1a:K1795Q,ORF1a:V2071F,ORF1a:T2121I,ORF1b:P314L,ORF1b:E1264D,ORF3a:S253P,ORF8:E92K,ORF9b:Q77E,S:L18F,S:T20N,S:P26S,S:D138Y,S:R190S,S:K417T,S:E484K,S:N501Y,S:D614G,S:H655Y,S:T1027I,S:V1176F","ORF1a:S3675-,ORF1a:G3676-,ORF1a:F3677-",,,ChinaCDC_N_F:G28881A;G28882A;G28883C,89515,2,29903,3000,0,good,0,10,0,good,0,24,-4,0,good,4,,0,good,0,,0,0,good,,0,0,good,
260746,20B,R.1,0,good,25,1,0,13,0,0,0,5,"C241T,C2449T,C3037T,T9139C,C14340T,C14408T,G17551A,C18877T,A19167G,C19274A,T19839C,G22017T,G23012A,A23403G,G23868T,A25531G,T26604C,C27213T,C28833T,G28881A,G28882A,G28883C,C29167T,G29527T,G29690T",28271,,"M:F28L,N:S187L,N:R203K,N:G204R,N:Q418H,ORF1b:P314L,ORF1b:G1362R,ORF1b:P1936H,ORF3a:I47V,S:W152L,S:E484K,S:D614G,S:G769V",,,,"Charit√©_N_R:C28833T,ChinaCDC_N_F:G28881A;G28882A;G28883C,USCDC_N2_F:C29167T",89573,9,29903,3000,0,good,0,10,0,good,0,24,-4,0,good,4,,0,good,0,,0,0,good,,0,0,good,
260756,20B,R.1,0,good,25,1,0,13,0,11,0,5,"C241T,C2449T,C3037T,T9139C,C14340T,C14408T,G17551A,C18877T,A19167G,C19274A,T19839C,G22017T,G23012A,A23403G,G23868T,A25531G,T26604C,C27213T,C28833T,G28881A,G28882A,G28883C,C29167T,G29527T,G29690T",28271,,"M:F28L,N:S187L,N:R203K,N:G204R,N:Q418H,ORF1b:P314L,ORF1b:G1362R,ORF1b:P1936H,ORF3a:I47V,S:W152L,S:E484K,S:D614G,S:G769V",,21949-21959,,"Charit√©_N_R:C28833T,ChinaCDC_N_F:G28881A;G28882A;G28883C,USCDC_N2_F:C29167T",89588,4,29903,3000,0,good,11,10,0,good,0,24,-4,0,good,4,,0,good,0,,0,0,good,,0,0,good,
260910,"20J (Gamma, V3)",P.1,0.173611,good,39,9,4,27,3,1,0,3,"C241T,T733C,C2749T,C3037T,C3828T,C5183T,A5648C,A6319G,A6613G,A10983G,C12778T,C13721T,C13860T,C14408T,G17259T,C18395T,C21614T,C21621A,C21638T,G21974T,G22335T,A22812C,C22945T,G23012A,A23063T,A23403G,C23525T,C24642T,G25088T,G25445T,T26149C,G28167A,C28512G,A28877T,G28878C,G28881A,G28882A,G28883C,T29834A",11288-11296,28263:AACA,"N:P80R,N:R203K,N:G204R,ORF1a:S1188L,ORF1a:P1640S,ORF1a:K1795Q,ORF1a:K3573R,ORF1b:P85L,ORF1b:P314L,ORF1b:E1264D,ORF1b:A1643V,ORF3a:G18V,ORF3a:S253P,ORF8:E92K,ORF9b:Q77E,S:L18F,S:T20N,S:P26S,S:D138Y,S:W258L,S:K417T,S:E484K,S:N501Y,S:D614G,S:H655Y,S:T1027I,S:V1176F","ORF1a:S3675-,ORF1a:G3676-,ORF1a:F3677-",29867,,ChinaCDC_N_F:G28881A;G28882A;G28883C,89423,30,29903,3000,0,good,1,10,0,good,0,24,1,4.166667,good,9,,0,good,0,,0,0,good,,0,0,good,
260356,21F (Iota),failed to assign lineage,5488.94,bad,4,6,0,1,0,20199,1,0,"C4456T,T9867C,C14676T,T26318C","9314-9317,12178,29604",,E:V25A,,"2265-3144,3532-4318,4670,4675-9204,9562,9569,9573,9582,9585-9784,9795,10438-12116,12130,12468-12710,12724,13662-13924,14274-14545,14927-15171,15561-15827,16210-17065,17453-18254,18668,18673-24392,24790-24979,24987,25349-26218,26591-26837,27211-29316,29837-29868",Y:15279,,84923,1577,29903,3000,737,bad,20199,10,10,good,1,24,-3,0,good,5,,0,good,0,ORF1a,1,75,mediocre,,0,0,good,
