seqNam,NextSTrain clade,Pango lineage,Qcscore,QCoverallStatus,Total subst,Total del,totalInsertions,totalAminoacidSubstitutions,totalAminoacidDeletions,totalMissing,totalNonACGTNs,subst,,,,,,,,,,,,,,,,,,,,,,,,,,,,,,,,,,,
23223,20B,B.1.1.343,0.173611,good,23,0,0,15,0,0,0,C241T,C936T,A2342G,C3037T,G3052A,G3259T,C10969T,C11591T,C14408T,C15656T,C16045T,G17122T,T18177C,C18348T,G19327T,A23403G,C25889T,A26069G,G28280T,G28881A,G28882A,G28883C;;;N:D3Y,N:R203K,N:G204R,ORF1a:T224I,ORF1a:I693V,ORF1a:Q998H,ORF1a:L3776F,ORF1b:P314L,ORF1b:T730I,ORF1b:L860F,ORF1b:A1219S,ORF1b:A1954S,ORF3a:S166L,ORF3a:E226G,"S:D614G;;;;""ChinaCDC_N_F:G28881A;G28882A;G28883C"";89365;20;29839;3000.000000;0.000000;good;0;10.000000;0.000000;good;0;24.000000;1.000000;4.166667;good;9.000000;;0.000000;good;0;;0;0.000000;good;;0;0.000000;good"
255568,20A,B.1.243,0,good,13,0,0,6,0,0,0,C241T,C3037T,G6618A,C10741T,C14408T,A20268G,A23403G,C23604A,T24076C,C28854T,G29266A,T29710C;;;N:S194L,ORF1a:V438A,ORF1a:G2118D,ORF1b:P314L,S:D614G,S:P681H;;;;;89402;21;29839;3000.000000;0.000000;good;0;10.000000;0.000000;good;0;24.000000;-7.000000;0.000000;good;1.000000;;0.000000;good;0;;0;0.000000;good;;0;0.000000;good,,,,,,,,,,,,,,,,,,,
NA0035964521,20C,B.1.3,4.340278,good,18,7,0,11,0,0,0,C241T,C1059T,G1957T,C3037T,C4010A,C4524T,C5934T,C10279T,C11916T,C14408T,G15093A,A23403G,A23586G,G24095T,G25563T,G26918T,A29839T;29749-29755;;ORF1a:T265I,ORF1a:K564N,ORF1a:L1249I,ORF1a:A1420V,ORF1a:T1890I,ORF1a:S3884L,ORF1b:P314L,ORF3a:Q57H,S:D614G,S:Q675R,S:A845S;;;;;89370;16;29839;3000.000000;0.000000;good;0;10.000000;0.000000;good;0;24.000000;5.000000;20.833333;good;13.000000;;0.000000;good;0;;0;0.000000;good;;0;0.000000;good,,,,,,,,,
NA0035965334,20C,B.1.369,0,good,13,0,0,7,0,0,0,C162T,C1059T,C3037T,C14408T,C16260T,C18877T,G20060T,C20132T,A23403G,G25563T,G26690T,C28821A;;;N:S183Y,ORF1a:T265I,ORF1b:P314L,ORF1b:S2198I,ORF1b:A2222V,ORF3a:Q57H,S:D614G;;;;CharitÃ©_N_R:C28821A;89420;20;29844;3000.000000;0.000000;good;0;10.000000;0.000000;good;0;24.000000;-3.000000;0.000000;good;5.000000;;0.000000;good;0;;0;0.000000;good;;0;0.000000;good,,,,,,,,,,,,,,,,,,
NA0035966889,20A,B.1.243,0,good,15,0,0,7,0,0,0,C20A,T1578C,C3037T,G6618A,C10741T,C14408T,A20268G,A23403G,C23604A,T24076C,C28854T,G29090T,G29266A,T29710C;;;N:S194L,N:A273S,ORF1a:V438A,ORF1a:G2118D,ORF1b:P314L,S:D614G,S:P681H;;;;;89400;19;29839;3000.000000;0.000000;good;0;10.000000;0.000000;good;0;24.000000;-5.000000;0.000000;good;3.000000;;0.000000;good;0;;0;0.000000;good;;0;0.000000;good,,,,,,,,,,,,,,,,
NA0035967787,20C,B.1.369,0,good,13,0,0,7,0,0,0,C162T,C1059T,C3037T,C14408T,C16260T,C18877T,G20060T,C20132T,A23403G,G25563T,G26690T,C28821A;;;N:S183Y,ORF1a:T265I,ORF1b:P314L,ORF1b:S2198I,ORF1b:A2222V,ORF3a:Q57H,S:D614G;;;;CharitÃ©_N_R:C28821A;89423;19;29844;3000.000000;0.000000;good;0;10.000000;0.000000;good;0;24.000000;-3.000000;0.000000;good;5.000000;;0.000000;good;0;;0;0.000000;good;;0;0.000000;good,,,,,,,,,,,,,,,,,,
NA0035967798,20C,B.1.369,0,good,14,0,0,7,0,0,0,C162T,C1059T,C3037T,C14408T,C16260T,C18877T,G20060T,C20132T,A23403G,G25563T,C25587T,G26690T,C28821A;;;N:S183Y,ORF1a:T265I,ORF1b:P314L,ORF1b:S2198I,ORF1b:A2222V,ORF3a:Q57H,S:D614G;;;;CharitÃ©_N_R:C28821A;89413;16;29839;3000.000000;0.000000;good;0;10.000000;0.000000;good;0;24.000000;-2.000000;0.000000;good;6.000000;;0.000000;good;0;;0;0.000000;good;;0;0.000000;good,,,,,,,,,,,,,,,,,
NA0035967811,20C,B.1.369,0,good,13,0,0,7,0,0,1,C162T,C1059T,C3037T,C14408T,C16260T,C18877T,G20060T,C20132T,A23403G,G25563T,G26690T,C28821A;;;N:S183Y,ORF1a:T265I,ORF1b:P314L,ORF1b:S2198I,ORF1b:A2222V,ORF3a:Q57H,S:D614G;;;K:29000;CharitÃ©_N_R:C28821A;89447;12;29845;3000.000000;0.000000;good;0;10.000000;10.000000;good;1;24.000000;-3.000000;0.000000;good;5.000000;;0.000000;good;0;;0;0.000000;good;;0;0.000000;good,,,,,,,,,,,,,,,,,,
NA0035971490,20A,B.1.400,0,good,12,0,0,7,0,0,0,C241T,C3037T,G6483T,C14408T,G17427T,G18677T,G19969A,A20268G,C22450G,A23403G,C28854T;;;N:S194L,ORF1a:K798T,ORF1a:G2073V,ORF1b:P314L,ORF1b:R1737L,ORF1b:A2168T,S:D614G;;;;;89430;16;29842;3000.000000;0.000000;good;0;10.000000;0.000000;good;0;24.000000;-2.000000;0.000000;good;6.000000;;0.000000;good;0;;0;0.000000;good;;0;0.000000;good,,,,,,,,,,,,,,,,,,,
NA0035971832,20A,B.1.243,0,good,14,0,0,6,0,0,0,C241T,C3037T,G6618A,C10741T,C14408T,A20268G,A23403G,C23604A,T24076C,C28854T,G29266A,T29710C,T29845G;;;N:S194L,ORF1a:V438A,ORF1a:G2118D,ORF1b:P314L,S:D614G,S:P681H;;;;;89434;16;29846;3000.000000;0.000000;good;0;10.000000;0.000000;good;0;24.000000;-6.000000;0.000000;good;2.000000;;0.000000;good;0;;0;0.000000;good;;0;0.000000;good,,,,,,,,,,,,,,,,,,
NA0035971840,20A,B.1.243,0,good,13,0,0,6,0,0,0,C241T,C3037T,G6618A,C10741T,C14408T,A20268G,A23403G,C23604A,T24076C,C28854T,G29266A,T29710C;;;N:S194L,ORF1a:V438A,ORF1a:G2118D,ORF1b:P314L,S:D614G,S:P681H;;;;;89402;20;29838;3000.000000;0.000000;good;0;10.000000;0.000000;good;0;24.000000;-7.000000;0.000000;good;1.000000;;0.000000;good;0;;0;0.000000;good;;0;0.000000;good,,,,,,,,,,,,,,,,,,,
NA0035972023,20A,B.1.243,0,good,13,0,0,6,0,0,1,C241T,C3037T,G6618A,C10741T,C14408T,A20268G,A23403G,C23604A,T24076C,C28854T,G29266A,T29710C;;;N:S194L,ORF1a:V438A,ORF1a:G2118D,ORF1b:P314L,S:D614G,S:P681H;;;R:4091;;89405;20;29839;3000.000000;0.000000;good;0;10.000000;10.000000;good;1;24.000000;-7.000000;0.000000;good;1.000000;;0.000000;good;0;;0;0.000000;good;;0;0.000000;good,,,,,,,,,,,,,,,,,,,
NA0035972353,20C,B.1.509,0,good,12,6,0,9,2,0,0,C241T,C1385T,G1738T,C3037T,G3242A,G6611T,C11916T,C14408T,A23403G,G25563T,C28087T;28913-28918;;ORF1a:T265I,ORF1a:H374Y,ORF1a:G993S,ORF1a:V2116L,ORF1a:S3884L,ORF1b:P314L,ORF3a:Q57H,ORF8:A65V,S:D614G;N:G214-,N:G215-;;;;89456;0;29843;3000.000000;0.000000;good;0;10.000000;0.000000;good;0;24.000000;-6.000000;0.000000;good;2.000000;;0.000000;good;0;;0;0.000000;good;;0;0.000000;good,,,,,,,,,,,,,,,,
NA0035972450,20A,B.1.243,0,good,13,0,0,6,0,0,1,C241T,C3037T,G6618A,C10741T,C14408T,A20268G,A23403G,C23604A,T24076C,C28854T,G29266A,T29710C;;;N:S194L,ORF1a:V438A,ORF1a:G2118D,ORF1b:P314L,S:D614G,S:P681H;;;Y:10647;;89405;20;29839;3000.000000;0.000000;good;0;10.000000;10.000000;good;1;24.000000;-7.000000;0.000000;good;1.000000;;0.000000;good;0;;0;0.000000;good;;0;0.000000;good,,,,,,,,,,,,,,,,,,,
NA0035972474,20A,B.1.243,0,good,14,0,0,6,0,0,0,C20A,T1578C,C3037T,G6618A,C10741T,C14408T,A20268G,A23403G,C23604A,T24076C,C28854T,G29266A,T29710C;;;N:S194L,ORF1a:V438A,ORF1a:G2118D,ORF1b:P314L,S:D614G,S:P681H;;;;;89404;19;29839;3000.000000;0.000000;good;0;10.000000;0.000000;good;0;24.000000;-6.000000;0.000000;good;2.000000;;0.000000;good;0;;0;0.000000;good;;0;0.000000;good,,,,,,,,,,,,,,,,,,
NA0035972674,20A,B.1.243,0,good,13,0,0,6,0,0,1,C241T,C3037T,G6618A,C10741T,C14408T,A20268G,A23403G,C23604A,T24076C,C28854T,G29266A,T29710C;;;N:S194L,ORF1a:V438A,ORF1a:G2118D,ORF1b:P314L,S:D614G,S:P681H;;;Y:2363;;89420;19;29843;3000.000000;0.000000;good;0;10.000000;10.000000;good;1;24.000000;-7.000000;0.000000;good;1.000000;;0.000000;good;0;;0;0.000000;good;;0;0.000000;good,,,,,,,,,,,,,,,,,,,
NA0035972825,20C,B.1.509,0,good,13,6,0,9,2,0,1,C241T,C1385T,G1738T,C3037T,G3242A,G6611T,C11916T,C14408T,A23403G,G25563T,C28087T,A29844T;28913-28918;;ORF1a:T265I,ORF1a:H374Y,ORF1a:G993S,ORF1a:V2116L,ORF1a:S3884L,ORF1b:P314L,ORF3a:Q57H,ORF8:A65V,S:D614G;N:G214-,N:G215-;;R:22;;89407;16;29844;3000.000000;0.000000;good;0;10.000000;10.000000;good;1;24.000000;-5.000000;0.000000;good;3.000000;;0.000000;good;0;;0;0.000000;good;;0;0.000000;good,,,,,,,,,,,,,,,
NA0035977330,20C,B.1.3,2.777778,good,17,7,0,11,0,0,0,C241T,C1059T,G1957T,C3037T,C4010A,C4524T,C5934T,C10279T,C11916T,C14408T,G15093A,A23403G,A23586G,G24095T,G25563T,G26918T;29749-29755;;ORF1a:T265I,ORF1a:K564N,ORF1a:L1249I,ORF1a:A1420V,ORF1a:T1890I,ORF1a:S3884L,ORF1b:P314L,ORF3a:Q57H,S:D614G,S:Q675R,S:A845S;;;;;89368;17;29838;3000.000000;0.000000;good;0;10.000000;0.000000;good;0;24.000000;4.000000;16.666667;good;12.000000;;0.000000;good;0;;0;0.000000;good;;0;0.000000;good,,,,,,,,,,
NA0035979099,20A,B.1.243,0,good,14,0,0,8,0,0,1,C241T,C3037T,G6618A,C10741T,C14408T,A20268G,A23403G,C23604A,T24076C,C28311T,C28854T,G29266A,T29710C;;;N:P13L,N:S194L,ORF1a:V438A,ORF1a:G2118D,ORF1b:P314L,ORF9b:P10S,S:D614G,S:P681H;;;Y:21846;USCDC_N1_P:C28311T;89398;21;29839;3000.000000;0.000000;good;0;10.000000;10.000000;good;1;24.000000;-6.000000;0.000000;good;2.000000;;0.000000;good;0;;0;0.000000;good;;0;0.000000;good,,,,,,,,,,,,,,,,
NA0035979101,20A,B.1.243,0,good,13,0,0,6,0,0,0,C241T,C3037T,G6618A,C10741T,C14408T,A20268G,A23403G,C23604A,T24076C,C28854T,G29266A,T29710C;;;N:S194L,ORF1a:V438A,ORF1a:G2118D,ORF1b:P314L,S:D614G,S:P681H;;;;;89399;21;29838;3000.000000;0.000000;good;0;10.000000;0.000000;good;0;24.000000;-7.000000;0.000000;good;1.000000;;0.000000;good;0;;0;0.000000;good;;0;0.000000;good,,,,,,,,,,,,,,,,,,,
NA0035979093,20A,B.1.243,0,good,14,0,0,6,0,0,0,C20A,T1578C,C3037T,G6618A,C10741T,C14408T,A20268G,A23403G,C23604A,T24076C,C28854T,G29266A,T29710C;;;N:S194L,ORF1a:V438A,ORF1a:G2118D,ORF1b:P314L,S:D614G,S:P681H;;;;;89404;19;29839;3000.000000;0.000000;good;0;10.000000;0.000000;good;0;24.000000;-6.000000;0.000000;good;2.000000;;0.000000;good;0;;0;0.000000;good;;0;0.000000;good,,,,,,,,,,,,,,,,,,
